Time,Temperature,Humidity,CloudCover,SolarAngle,Radiation,Power
2024-01-01 00:00:00,27.49080237694725,71.88970284118471,18.513292883861965,46.71736066225962,593.2073604680548,101.08182035847975
2024-01-01 01:00:00,39.01428612819832,62.165781980647225,54.190094737835814,43.126368986675786,313.16097458088046,46.094587835378896
2024-01-01 02:00:00,34.6398788362281,48.571656977179664,87.29458358764083,2.307785922579212,5.1161627871625965,-3.506345280598016
2024-01-01 03:00:00,31.973169683940732,78.82770118241692,73.22248864095612,30.71230448635407,136.76013111033302,34.69933635839017
2024-01-01 04:00:00,23.12037280884873,71.08387035323275,80.65611478614497,34.21760569072713,108.77791942608366,40.02727640988172
2024-01-01 05:00:00,23.119890406724053,39.75701636069348,65.87833667107174,35.894050280721046,200.05129839208607,23.946680664810316
2024-01-01 06:00:00,21.161672243363988,84.65563106963054,69.22765645178525,52.215513230459905,243.2002724068867,78.49382586056778
2024-01-01 07:00:00,37.3235229154987,79.35223457539014,84.91956515653193,48.02422920541906,112.11213300998728,16.99995458114608
2024-01-01 08:00:00,32.022300234864176,86.98799479751544,24.966800885918595,54.711458351410016,612.4608416877636,122.064822450584
2024-01-01 09:00:00,34.161451555920905,73.5431705033016,48.942496364314046,68.83949353879154,476.14841410723386,80.2854492384903
2024-01-01 10:00:00,20.411689885916047,66.80491175614739,22.120944181960223,73.16871648444841,745.4283726391957,100.6008693223803
2024-01-01 11:00:00,39.39819704323989,55.09458217743713,98.7668007996647,64.6310768603845,11.142791027369082,19.90946613269481
2024-01-01 12:00:00,36.648852816008436,85.9637090012408,94.40593396866133,85.99713263594413,55.80419632001003,25.897717205850675
2024-01-01 13:00:00,24.246782213565524,81.9638333700245,3.94268113685059,1.6409324408725467,27.50674220237594,-0.12520270188908
2024-01-01 14:00:00,23.636499344142013,32.713120206371364,70.55751725156884,17.620018711519148,89.12325202322654,19.164464749142745
2024-01-01 15:00:00,23.668090197068675,31.58201846983512,92.52483174156659,0.6806587480327908,0.8880093847464245,10.496386231031275
2024-01-01 16:00:00,26.084844859190753,52.58780201268297,18.057534512733355,58.27272427391427,696.9705404666695,108.14319095560305
2024-01-01 17:00:00,30.495128632644757,78.63319984690997,56.79452305526295,80.82274940549883,426.5243251334439,74.72381147976289
2024-01-01 18:00:00,28.638900372842315,89.23656775889667,91.54882975880419,21.913406691866935,31.540179555848045,22.19332950360615
2024-01-01 19:00:00,25.824582803960837,39.02501346621169,3.394597858579884,83.4331090316676,959.7157578939137,166.8573631153978
2024-01-01 20:00:00,32.23705789444759,65.6478429211281,69.742026724684,5.424065126060476,28.601789989878498,11.591516641308285
2024-01-01 21:00:00,22.789877213040835,52.85345139786129,29.734900737255078,84.09924241249628,698.9279667379105,112.65395725511401
2024-01-01 22:00:00,25.842892970704362,88.19486386887618,92.43961953765304,31.646041851567098,39.66706095391438,17.262011839453404
2024-01-01 23:00:00,27.327236865873836,80.52713538814251,97.10582451653677,9.127874560429486,4.591274495064843,0.2054252530632973
2024-01-02 00:00:00,29.12139968434072,80.29972228266827,94.42664891134339,43.72845832676931,38.52531106627274,-24.59757410485564
2024-01-02 01:00:00,35.70351922786027,58.12158958769822,47.42142166574638,23.109891094845715,206.36876504953827,64.56854009905109
2024-01-02 02:00:00,23.993475643167194,54.88917014025991,86.20426509893134,25.638561176573056,59.693124276668954,-2.7532066806271924
2024-01-02 03:00:00,30.284688768272233,46.40442431584238,84.45493985350704,27.65609684336579,72.15449095580867,-1.7741505491258849
2024-01-02 04:00:00,31.848291377240848,33.382529799055625,31.910047324325564,72.27233080493971,648.5667042591108,133.72472479644102
2024-01-02 05:00:00,20.929008254399953,81.8833425753032,82.89154741506773,48.52451490077291,128.18322722992312,48.60939243455893
2024-01-02 06:00:00,32.150897038028766,78.77406054780465,3.700763471549262,28.01769292404033,452.36007286237367,70.1555781929068
2024-01-02 07:00:00,23.41048247374583,89.98306039716783,59.6269878482053,54.93004049798265,330.4333553700818,67.3202680709758
2024-01-02 08:00:00,21.30103185970559,89.79821022443431,23.000883728770305,64.45356068008742,694.7137855475144,147.51908711611435
2024-01-02 09:00:00,38.977710745066666,63.32590233615765,12.056688577727881,24.536160066018038,365.1999447660163,86.90210109846615
2024-01-02 10:00:00,39.31264066149119,76.13924491083063,7.695320162920916,37.21941913728163,558.3224366490981,115.19331843536412
2024-01-02 11:00:00,36.167946962329225,86.68594379294568,69.62887758781397,10.96974840032528,57.79341519468335,4.2181262572702245
2024-01-02 12:00:00,26.092275383467413,80.97884344064468,33.98749637680661,16.303441458121227,185.31317759245277,20.510831105516164
2024-01-02 13:00:00,21.95344228012768,44.84088610459186,72.47667715287615,61.300606856848454,241.42117039938708,50.007111740804916
2024-01-02 14:00:00,33.684660530243136,57.03264811860561,6.535634079894237,16.329451292606425,262.78444195215906,31.114108150719677
2024-01-02 15:00:00,28.803049874792027,37.7495649090897,31.529033783061035,47.26470453003542,502.91698345053754,42.15638702021538
2024-01-02 16:00:00,22.440764696895577,87.24306163552333,53.949129237533725,63.81416355501894,413.2455397688215,91.38030403691766
2024-01-02 17:00:00,29.903538202225405,66.3704780670528,79.07231648389636,9.618923078526946,34.96898355335208,25.072493532394322
2024-01-02 18:00:00,20.687770422304368,43.71856833020776,31.875250293206992,51.058099766601316,529.8632077056487,58.71399283029298
2024-01-02 19:00:00,38.186408041575646,70.30204106435141,62.58913764370091,23.090650533122737,146.72054467771156,9.14949484134356
2024-01-02 20:00:00,25.17559963200034,67.08769442747375,88.5977748236187,86.66341877138218,113.82896815720777,35.14887885154551
2024-01-02 21:00:00,33.25044568707964,51.48976308197043,61.58631881823046,43.51910820479323,264.5152451435017,94.05295842293432
2024-01-02 22:00:00,26.23422152178822,36.81345553197774,23.295947475363377,72.53932947976423,731.697705736103,146.75541530072877
2024-01-02 23:00:00,30.401360423556216,70.29439173556798,2.440078155653802,49.52038879406356,742.076886688225,133.85531851306234
2024-01-03 00:00:00,30.934205586865595,61.2184620542276,87.00988739009298,3.9071279569337247,8.851385878426958,-1.8876516464114115
2024-01-03 01:00:00,23.69708911051054,76.33910350413836,2.126941085038714,56.98362380346201,820.6801485687868,191.63355809672106
2024-01-03 02:00:00,39.39169255529117,61.209810066719605,87.47016726841994,85.62630079859913,124.93344153847104,12.067404725203502
2024-01-03 03:00:00,35.502656467222295,81.1308900191124,52.8937134027212,54.145063813169806,381.7976675989635,60.37569338678763
2024-01-03 04:00:00,38.78997883128378,63.114410326469134,93.90676985128962,73.72699734841112,58.491197106948164,2.043368977748985
2024-01-03 05:00:00,37.89654700855297,63.656278292123176,79.87832357736654,79.5785817013567,197.89747647801772,20.512923130429304
2024-01-03 06:00:00,31.957999576221702,82.5992161595007,99.79341105333374,20.527179475403923,0.7244075962229848,2.5982878391405073
2024-01-03 07:00:00,38.437484700462335,54.208971972743825,35.071181545171015,19.0840355917404,212.2877546120668,74.95112009180457
2024-01-03 08:00:00,21.76985004103839,38.04091370703844,76.71882889311269,54.988288996589255,190.68089104712703,44.597763671745994
2024-01-03 09:00:00,23.919657248382904,31.726960578800337,40.193091360924214,36.99256228260342,359.86495442521806,66.92592084251787
2024-01-03 10:00:00,20.90454577821076,75.30823534041714,47.98756203039088,75.58751725800484,503.755523150469,94.91487925178292
2024-01-03 11:00:00,26.506606615265287,67.21857308120788,62.75054632183701,81.002081105821,367.91062719923997,42.31830926591486
2024-01-03 12:00:00,27.77354579378964,72.24478608595342,87.36771141863387,31.80792413724463,66.58142440419083,30.97848042378135
2024-01-03 13:00:00,25.426980635477918,42.777849690534644,98.40834691992951,21.318350307703387,5.786448527755889,-0.39945423470486285
2024-01-03 14:00:00,36.57475018303859,38.18228853520618,76.82734138645182,70.24729637194757,218.09180976419168,40.008763681025826
2024-01-03 15:00:00,27.135066533871786,30.872679940072917,41.77667821673337,24.732543199332248,243.5964956746329,112.5814504918238
2024-01-03 16:00:00,25.618690193747614,51.03525352839582,42.13570022770702,74.03528866623105,556.3254777294983,117.24015371321339
2024-01-03 17:00:00,30.853921663164968,65.39506121127798,73.75823015888915,38.13644282838865,162.05244881713153,17.37466876152262
2024-01-03 18:00:00,22.818484499495252,53.53464270598394,23.877714576830233,60.07949093623234,659.7657472140445,123.42599751869803
2024-01-03 19:00:00,36.043939615080795,56.248495321423746,11.047411313139467,8.598178245120137,132.98759390351606,49.56643296463831
2024-01-03 20:00:00,21.491012873595416,84.2495216696249,35.462215764077655,56.147339220891574,535.9687598351148,109.45916017777826
2024-01-03 21:00:00,39.73773873201034,50.89532802139802,28.723899165408174,40.65909108635062,464.40437681308737,64.11531579627014
2024-01-03 22:00:00,35.44489538593315,60.83936934958865,29.630812045599008,52.79476168579267,560.4727355295244,130.47912579740895
2024-01-03 23:00:00,23.974313630683447,77.01918076446859,23.360775104990992,15.121278697037708,199.9234204035953,26.621802369939182
2024-01-04 00:00:00,20.110442342472048,53.79256693927621,4.209318963636188,66.31863704497638,877.2446289775389,212.9148813198587
2024-01-04 01:00:00,36.30922856909668,67.32520201367241,1.787393473341381,77.65173697889057,959.4053467412776,213.4820306625485
2024-01-04 02:00:00,34.13714687695234,81.74182252480472,98.77223897360315,19.506582008169808,4.099680018059833,-8.126501909563057
2024-01-04 03:00:00,34.58014336081975,86.97123741945853,42.77731337358623,8.614309996814555,85.70944880917976,42.762216996538214
2024-01-04 04:00:00,35.42540693371892,38.82440885574228,38.432664715968166,2.1274727441702757,22.8555632484793,5.928222860243926
2024-01-04 05:00:00,21.480893034681806,85.59525750968967,67.96472826930699,57.77743503989394,271.01302855336456,71.2580792131173
2024-01-04 06:00:00,27.169314570885454,59.52697758477229,21.825388786506416,54.638463247990266,637.5268450140657,137.20002534870264
2024-01-04 07:00:00,22.317381190502594,45.4946632979375,94.99611839502253,49.2027671442663,37.880715393938324,-9.350990021029805
2024-01-04 08:00:00,37.26206851751187,57.54814537429568,78.6345014415552,20.875238650437787,76.13258554335766,2.3555204623222927
2024-01-04 09:00:00,32.46596253655116,88.80195451712862,8.94110023122595,35.18153963149632,524.6531584905995,125.52984804974312
2024-01-04 10:00:00,26.617960497052984,59.55708563957218,41.75807757849284,53.50287016675557,468.1990428810018,86.94430193406954
2024-01-04 11:00:00,21.27116700572047,49.72509661725049,87.91183075621647,44.709017297325246,85.04106371136695,8.935243477433456
2024-01-04 12:00:00,26.219646434313244,68.00405125900355,94.47320222914102,88.90069681933986,55.25780538985784,-8.050890509015488
2024-01-04 13:00:00,26.503666440534943,44.408737126691584,46.74015112498697,12.27957773010598,113.2741749930274,31.1268163104747
2024-01-04 14:00:00,34.59212356676128,34.551799686519836,61.34113892107077,62.563009864283444,343.10438751728196,109.8713758883193
2024-01-04 15:00:00,32.75114942710427,37.73278331463895,16.70339460920752,36.38868912938629,494.1654239829401,77.48242651150257
2024-01-04 16:00:00,37.744254851526534,37.682750337466345,99.11686261369765,38.53796534330533,5.502237987364056,1.5848367309279727
2024-01-04 17:00:00,29.444298503238986,39.11416161073766,23.16717013834434,64.58379890923587,693.9648528832752,167.03738168496363
2024-01-04 18:00:00,22.391884918766035,38.32963035896461,94.27317741351257,62.31925361919327,50.71386486371246,8.54994514782819
2024-01-04 19:00:00,34.2648957444599,68.45248468819287,64.96466489923685,89.21303943319695,350.3203041529995,79.11149675559457
2024-01-04 20:00:00,35.21570097233795,40.91280506394869,60.773679487885914,11.55548605087127,78.57691544305213,-5.532487474327166
2024-01-04 21:00:00,31.225543951389923,50.740036999431794,51.26885110165086,9.369868444574971,79.33777346637923,24.433696637428817
2024-01-04 22:00:00,35.41934359909122,83.80730459436072,23.06698117177587,65.1904935415867,698.3270672772442,135.92252815535784
2024-01-04 23:00:00,29.875911927287817,58.437698415772346,17.652803200550828,52.05482253057682,649.3895644517779,149.59251280395284
2024-01-05 00:00:00,30.45465658763988,70.05346431126162,22.048620907017536,24.674459990382527,325.4174315448962,88.83120734027426
2024-01-05 01:00:00,28.550820367170992,40.33919227209779,18.643826214425452,7.1477432090087945,101.2301205119716,72.0372969427666
2024-01-05 02:00:00,20.508382534881903,41.53734112852025,77.95844735667534,7.709242463678748,29.56787015418286,17.506237495108085
2024-01-05 03:00:00,22.157828539866088,32.45211697598873,35.01252591667301,80.47717871977065,640.9193263834604,134.69979160833543
2024-01-05 04:00:00,20.628583713734685,40.136103784329876,5.784267656339637,17.268059224686862,279.6724066751286,59.82216736657245
2024-01-05 05:00:00,32.72820822527561,46.71542034191752,96.91026301408114,29.10344059039687,15.028105273164623,-4.057704801580842
2024-01-05 06:00:00,26.287119621526536,40.62062905660481,88.37858849634257,20.399076200428922,40.50723575906534,14.87112402104689
2024-01-05 07:00:00,30.171413823294056,35.322152025423335,92.77522831952129,31.949667524874357,38.23161887304379,1.7382955718281705
2024-01-05 08:00:00,38.15132947852186,37.238152266036046,99.49078226464353,6.248145847148403,0.5542056255118548,3.4800606504946567
2024-01-05 09:00:00,24.9858445829775,57.64672608196355,17.38952492194873,46.715381181744334,601.3686046477403,146.62567164170724
2024-01-05 10:00:00,28.207658460712594,42.38002310434755,39.62420189026587,6.085130723299342,64.0019802144732,-7.330455262698182
2024-01-05 11:00:00,35.11102277086097,51.85619166288453,75.82384757040913,72.03208570401254,229.9706738188552,68.79170598635196
2024-01-05 12:00:00,24.57596330983245,60.20503625129142,69.60206180537922,21.034087371938973,109.10528518318078,48.16335838343346
2024-01-05 13:00:00,21.53959819657586,71.42368971776192,15.389590633985506,48.601072314405954,634.6825186026264,124.5751331807037
2024-01-05 14:00:00,25.79502905827536,32.358728390465934,81.58331249906178,79.20711788053124,180.90905905447462,-6.255286169276964
2024-01-05 15:00:00,23.22442574508009,77.96462393454256,22.444057183666068,58.57896321424747,661.8309633668343,120.20975293147822
2024-01-05 16:00:00,38.59395304685146,67.67402336945446,22.38176148226231,47.966200789620174,576.5094441041049,141.24177975204316
2024-01-05 17:00:00,36.16240759128834,34.905541916932314,53.69744228934136,29.190037780383804,225.82121968830756,44.70688269168387
2024-01-05 18:00:00,32.66807513020847,82.41471744640663,59.293993484170315,29.970172175237813,203.34648302988788,20.683251960079364
2024-01-05 19:00:00,37.429211803754356,85.25234403190879,58.00862078378112,60.25382596783711,364.58256966683,62.82101550880166
2024-01-05 20:00:00,36.07344153798229,33.66467759129183,9.148683739775487,89.47254250990508,908.4746655192041,198.5073336339319
2024-01-05 21:00:00,23.731401177720716,46.61265888883222,87.74608626303804,59.56552708644408,105.6543532043232,32.06554200489223
2024-01-05 22:00:00,37.85117996979956,78.37207678758368,26.560004258870606,50.20050756330224,564.2315514057921,108.06766829776454
2024-01-05 23:00:00,30.786844838313016,74.89558142301951,12.951492128280417,65.75854592153215,793.7285718424073,151.4092261321877
2024-01-06 00:00:00,36.14880310328125,41.07126116138264,88.87480798689772,41.86850510553463,74.25212525334673,7.015262069792909
2024-01-06 01:00:00,37.92182599846986,42.56095940020262,95.56514982297534,5.412810834070669,4.183434524375399,-17.61151678509497
2024-01-06 02:00:00,26.360069499437277,52.22832616748292,86.21276172654507,50.60671342901188,106.54887215031792,53.61728821945242
2024-01-06 03:00:00,22.201038490553536,59.07137911146128,80.95160747248781,86.18627560548421,190.06211094501012,31.566012804775227
2024-01-06 04:00:00,24.558703250838832,67.09528629181776,65.52419806390218,15.777264812189367,93.73915860163747,43.09100213683742
2024-01-06 05:00:00,28.542155772525128,52.134818374186345,55.08573706091393,62.100440173859916,396.93843345777117,109.81400773000325
2024-01-06 06:00:00,36.36029531844986,57.75208296798887,8.698675991141014,18.084031979315082,283.40982218366946,76.6481823996931
2024-01-06 07:00:00,37.21461166512687,74.8482562880254,40.845321307069874,48.22449160257732,441.1524328247844,79.59808031059592
2024-01-06 08:00:00,20.139042610623815,32.20099217343587,37.2688517012314,8.700880468204765,94.8971784767109,27.054037502074372
2024-01-06 09:00:00,30.214946051551316,45.146216660641244,25.97537837603262,40.53338426323666,481.0793538964281,95.7319586514673
2024-01-06 10:00:00,28.348220062975578,72.80097515307315,72.3420113688585,68.05469960057215,256.53920215451205,33.233803216299854
2024-01-06 11:00:00,24.442156209414605,83.71241026123195,49.58757350787708,31.281437181508387,261.76262015865274,58.83970966616261
2024-01-06 12:00:00,22.397307346673657,60.70064652693996,8.104621590764793,59.842055203849625,794.5676796214522,135.3327401010944
2024-01-06 13:00:00,26.75230342807256,61.92680911591894,22.018320194981133,71.59049647107562,739.9086148542159,171.73531074007445
2024-01-06 14:00:00,38.858194078250385,36.430320680386565,68.32587636595959,83.44600375315073,314.67124696001815,53.641903446035776
2024-01-06 15:00:00,26.464058640415104,56.84474200940728,7.613085949030019,21.117787366990818,332.85750928260876,70.59469497397853
2024-01-06 16:00:00,30.37581243486732,61.95703598730139,85.12069140487687,35.938432422837735,87.32898008647871,23.131553448218583
2024-01-06 17:00:00,34.060379177903556,44.54823021808378,49.51465270139743,13.71744119973757,119.71786329464611,18.76547318484768
2024-01-06 18:00:00,27.27259204758588,46.15459385696286,48.0586577326648,89.32351519425377,519.3772193069314,115.60931989089177
2024-01-06 19:00:00,39.435641654419214,52.63704978627736,59.24077846595176,83.43008711318657,404.91555087918607,71.48503704338674
2024-01-06 20:00:00,39.24894589884222,31.204271866663582,82.46809659251491,48.59614172525036,131.5009404877895,43.72613404670278
2024-01-06 21:00:00,25.035645916507285,49.3247499349907,34.780920790219305,75.78299649387792,632.2158238489839,99.5235711648618
2024-01-06 22:00:00,29.94497011784771,42.68688041979268,67.80161525590636,46.8862179544838,235.0475322756263,49.5370980460535
2024-01-06 23:00:00,26.017566196335395,49.64984113067488,56.5731963995791,56.12271192024837,360.54378844067895,110.88733766930149
2024-01-07 00:00:00,25.696809887549353,37.18572790915508,26.70282701694213,8.021198890441495,102.27849487105566,0.4490724820996377
2024-01-07 01:00:00,20.737738947090655,83.4316368443937,87.8629986355158,67.97433784471271,112.51194206422892,8.947489002348757
2024-01-07 02:00:00,32.19128667959794,65.61554721324292,79.74260216069281,11.494213527171134,40.36670759009757,18.351498511197814
2024-01-07 03:00:00,30.05358046457723,70.74613914866939,65.84518346584255,74.34608672272755,328.8798353046655,69.36760269972505
2024-01-07 04:00:00,21.029575024999787,77.3502743164403,85.05817290942419,70.38252789033473,140.7453044683635,35.16166287914389
2024-01-07 05:00:00,25.57292928473223,59.90653193574344,86.72942009598023,63.78702279686788,119.05811541392326,33.595365685737924
2024-01-07 06:00:00,38.165317719333075,35.21521728524542,70.83629767150347,3.2544342472285903,16.556249891390426,16.005679349513482
2024-01-07 07:00:00,24.79123781333945,62.22639250911287,83.7013328363672,27.281552035079574,74.70712753416828,37.13542234595812
2024-01-07 08:00:00,22.897897441824462,65.21046708125274,69.74714616692836,23.680131291975858,121.50460466846742,32.49729407226374
2024-01-07 09:00:00,29.78905520555126,74.7263684510598,68.01407717603004,32.41227667243672,171.4470077918399,29.46424846599713
2024-01-07 10:00:00,39.71300908221201,55.89957277378076,61.86113782151843,7.887847208745469,52.33965764321978,23.919405552698585
2024-01-07 11:00:00,24.84110543023001,37.65481816773382,75.27166395576413,84.32620407279565,246.07189193908562,87.21201708572144
2024-01-07 12:00:00,33.44271094811757,47.026554347923465,15.86051052930737,49.842201664113865,643.0539181791438,125.95810870817729
2024-01-07 13:00:00,35.232392306574354,51.78493778391811,88.08707591989284,27.49718795922212,55.00257550498684,-8.490070992415461
2024-01-07 14:00:00,24.752750879847994,68.75503447989607,87.1843527745232,35.72833653668551,74.83604524359563,37.10882243445858
2024-01-07 15:00:00,34.56432697223719,64.24669828013472,2.9247283034559146,40.24822864543521,627.2037024845073,123.0331172178295
2024-01-07 16:00:00,27.355662654385064,51.36580355387078,82.58167505647627,54.053490002455554,141.01272927325985,-15.250845065628752
2024-01-07 17:00:00,32.64611661187159,89.19091492757877,12.886986747344519,46.4111484926848,630.9648100407491,143.14139555115824
2024-01-07 18:00:00,32.670594215217896,66.34648916141323,33.51188542591419,82.74527758929756,659.5584695068777,121.20513018229708
2024-01-07 19:00:00,30.71549368149517,44.233607504159664,74.35082562916078,44.726713461524724,180.49991600742658,34.2893175554021
2024-01-07 20:00:00,21.805795401088165,36.106948357224226,16.07598960483082,89.29422133409814,839.1764328257589,174.47489317653208
2024-01-07 21:00:00,36.70604991178476,39.171548351059926,81.79670241190622,76.62824619705862,177.0980635783222,39.22960631124577
2024-01-07 22:00:00,26.415601299434716,44.757463703070485,83.21341779577419,18.765946292160223,54.002938211917325,24.989623985164258
2024-01-07 23:00:00,23.730370207997083,39.64088239557334,50.746773376083624,83.75356931795247,489.6081604422534,89.21190467705381
2024-01-08 00:00:00,20.81550283109528,41.19402144307834,0.638587171683358,10.472975809692848,180.61097112194258,46.384310187910174
2024-01-08 01:00:00,31.817858863764837,47.10571012163082,28.703813317491278,73.57047376420724,683.8504560857667,131.579157665475
2024-01-08 02:00:00,33.55128723684565,40.40241571768529,61.69269183757422,34.256096412892205,215.62910852112054,57.90203132197417
2024-01-08 03:00:00,20.331756578557123,83.8059254775855,98.11861780274235,79.01768884005625,18.469266480593273,16.001202976379723
2024-01-08 04:00:00,30.24186116598562,34.81402473969853,63.18135270166684,78.12510210967054,360.30699977720366,53.352625914548824
2024-01-08 05:00:00,24.529915503958758,61.470683374215284,25.98035810641598,72.5332860105859,706.0670612322215,162.93305456994494
2024-01-08 06:00:00,32.903455808188994,54.62380961937969,63.40057030996113,71.10273926763553,346.2675131935939,58.53423373643783
2024-01-08 07:00:00,23.487328580099827,88.94271701451638,53.99853797158555,27.421122518823672,211.84917755626074,58.53099147687505
2024-01-08 08:00:00,33.81875476204932,36.72233413008314,77.98453951511436,7.282735474612696,27.908057526649177,12.927357773356647
2024-01-08 09:00:00,27.734706926010748,53.871335942744494,10.698063882695841,36.268216088864534,528.2799021227711,142.41965396045669
2024-01-08 10:00:00,38.73459977473469,88.16822599652212,76.1027902502028,15.61720634878578,64.33345214880903,8.397370782324764
2024-01-08 11:00:00,22.750418882919867,81.93042755363882,54.12665786761103,62.545598001221556,407.06995882344586,74.42765584232522
2024-01-08 12:00:00,26.82132702100517,79.02432425695679,96.29920038589947,31.148975388400697,19.14294340272801,3.44019656279095
2024-01-08 13:00:00,22.269470424811782,45.474169622696394,34.187216603868606,87.80491807739234,657.6449048967619,125.46538532266688
2024-01-08 14:00:00,38.49387236557126,40.25325524340395,63.26218931339481,57.687486961079884,310.4878119581171,78.09640043046443
2024-01-08 15:00:00,37.54678706761962,70.11859319546586,93.20281055100175,74.02325072709249,65.34637612991014,-19.25693694274973
2024-01-08 16:00:00,25.15883255430311,85.76255934765516,10.250972799067926,11.927220546766359,185.48345305700963,16.023042228474843
2024-01-08 17:00:00,33.199680920683576,63.405773580835785,93.72284872364511,77.58130340453603,61.302794607114095,-9.09549951016104
2024-01-08 18:00:00,36.34444400402432,64.29676136819398,68.78857223008133,83.0481471462055,309.8196794457257,80.97008772861665
2024-01-08 19:00:00,31.10401623198925,46.79874561961705,6.78370591051719,43.83557269370423,645.6078059728142,163.33382864620134
2024-01-08 20:00:00,30.59301156712013,76.16957599151621,30.096356694681624,54.56276439758797,569.5407434092872,111.81916431110801
2024-01-08 21:00:00,24.837045818009035,41.2226249134514,70.81720886452815,68.83288208126959,272.1386277640018,51.051291089000145
2024-01-08 22:00:00,21.862055356117985,49.42075418425462,6.73506014687717,15.73547645343713,252.93122875753338,51.98728901377031
2024-01-08 23:00:00,37.944315159066534,55.526186316985005,58.217046017627325,45.23094688170982,296.6385930342804,82.5652846590199
2024-01-09 00:00:00,38.00836114326661,60.456622721067305,34.588305695295674,35.87967249950818,383.36808395312767,58.12655410681405
2024-01-09 01:00:00,32.66202914546536,44.544583944904815,62.091551776747714,13.17365929460242,86.39458953734007,22.046297562163716
2024-01-09 02:00:00,26.780595820974014,36.89020948435221,4.5742033812512854,33.07809800623783,520.8165285080396,123.66725829725652
2024-01-09 03:00:00,26.984191492253217,66.63720254649795,87.15368061523763,6.135507844694422,13.730180940076778,12.767919586812262
2024-01-09 04:00:00,34.51911357740479,47.31783319441534,97.3488969177397,2.323071625453829,1.0746018534226662,4.006552702659401
2024-01-09 05:00:00,37.94220519905154,64.87429328535674,96.88778552856915,12.16496602393405,6.55827955016702,21.33257776137623
2024-01-09 06:00:00,37.741728485302346,39.26176291645214,74.96518317429248,86.68036004302564,249.92809055350259,-4.079027749284222
2024-01-09 07:00:00,35.597510917152476,58.86840611128905,13.008624013063198,49.45765823055153,661.0699218714435,145.77149076490687
2024-01-09 08:00:00,32.84063292308576,61.95536595309515,75.82631959290225,86.9239945037898,241.38851694951302,35.19618972735413
2024-01-09 09:00:00,21.682799299900978,33.109412209345614,2.458691645880151,38.924809049711875,612.852018680357,85.95774579894226
2024-01-09 10:00:00,23.232574281892276,50.196256691635234,2.2123551528997254,28.06345197767336,460.04108669760427,102.23226933002047
2024-01-09 11:00:00,37.97108377054158,38.064880616338456,32.36102191495412,45.55276765562197,482.871730717874,124.04751704683397
2024-01-09 12:00:00,32.1285811931918,33.80249822836606,48.864319040466576,39.55605197696191,325.6487835286732,62.380786413180815
2024-01-09 13:00:00,20.183941032332594,89.39761394339672,77.04074178077931,9.509821583556953,37.93252223035636,26.64399539013005
2024-01-09 14:00:00,22.02943085732064,49.34123069848338,68.32953766065052,57.67436832211856,267.62259668883996,85.7700844975409
2024-01-09 15:00:00,33.27003538216111,78.5924667512781,44.590270637674834,19.443436425863965,184.44574701763005,63.18743847520696
2024-01-09 16:00:00,20.101231676924375,45.27843928582583,27.362666628166586,55.76291594080466,600.5048919213042,152.90026897168872
2024-01-09 17:00:00,23.216161028349973,70.89016333343577,99.71245001577111,58.518098315833804,2.4522411207765566,15.332998045593158
2024-01-09 18:00:00,30.974675787331723,75.61367159338118,42.6181302235973,13.682236781578329,135.7293123263696,28.654535243305777
2024-01-09 19:00:00,33.83790395385387,65.73832443647066,45.13870243296755,5.521466439960134,52.78681688749285,-21.4819528604448
2024-01-09 20:00:00,33.03922519005201,58.2945713130095,16.362382119166917,70.26854274615958,787.2686246470241,152.53247516680588
2024-01-09 21:00:00,24.485386189211198,54.71045484883611,79.48095487499293,41.382038139238816,135.64662182951045,10.264392459578257
2024-01-09 22:00:00,34.24358442695072,50.93209599257972,69.36822257814886,5.234741595492821,27.94733808590142,49.00832196713656
2024-01-09 23:00:00,24.744981749936002,85.77174865486955,22.07696127887604,89.53796854527904,779.2050516019976,152.3232940717528
2024-01-10 00:00:00,26.507993963185356,79.83716446726375,8.238104561584269,5.200250489672998,83.17016867318222,19.098129870326154
2024-01-10 01:00:00,34.92982810236048,87.90161463999075,68.0499302074713,62.553170597269784,283.5373654266676,67.73718060614287
2024-01-10 02:00:00,32.992657980944294,37.45783340913268,65.45112142811352,88.53110327370723,345.3752539424362,69.94709971593632
2024-01-10 03:00:00,36.98446820988356,73.85204851221866,27.32595269982093,21.526209379433304,266.6605551314077,87.2331318348966
2024-01-10 04:00:00,33.15225784600687,86.30042740926227,95.08635622504103,12.802443181847655,10.888147138188897,-10.275357807051261
2024-01-10 05:00:00,31.36617206670943,40.87398396993961,15.105789178090024,10.9246445480186,160.88963551393877,36.07007620753261
2024-01-10 06:00:00,21.87349535656185,33.98977604200665,43.23348010426019,27.2947632810836,260.313284977097,37.21324528145844
2024-01-10 07:00:00,27.35431606118867,74.46723895740354,94.36159201675989,9.094122990958201,8.911886342348629,-24.61807295594439
2024-01-10 08:00:00,25.30404735363451,64.46838679079471,41.97273169261223,62.29452075247187,513.7439374268084,90.51340566725598
2024-01-10 09:00:00,24.87979286758167,80.50972660549633,63.85259476640856,5.606261831705642,35.31300280820059,6.321864620671877
2024-01-10 10:00:00,39.46021109504891,38.38634259757737,39.75943979627943,45.84799153348107,432.22259101772164,77.85847371319913
2024-01-10 11:00:00,27.861954493335208,77.71603871159341,27.421520234867003,89.70271684676791,725.7750281537411,131.30658603327112
2024-01-10 12:00:00,37.84093110354227,42.09763920286467,98.39776479598282,73.25732425554169,15.343135597521913,-25.057722153932296
2024-01-10 13:00:00,32.62277251994526,39.81935657194227,40.9334006315043,55.36974944079098,486.02150837792743,95.5421902230116
2024-01-10 14:00:00,35.89622607083297,39.85594787585958,89.40992036791344,27.56282587079505,49.00251803875314,-20.293903872869418
2024-01-10 15:00:00,30.052741862103844,78.87448321388293,22.995460589108617,56.15062526624746,639.5263745458075,143.10639418295355
2024-01-10 16:00:00,31.53807769252718,69.911833241772,21.31047040250833,47.433731752048644,579.5448104718027,117.55775715305063
2024-01-10 17:00:00,29.850353876377277,61.38392548614716,3.113408288451136,38.347504550133436,601.112982248452,91.0715664603918
2024-01-10 18:00:00,23.90485975596089,51.529829047410146,65.1666825375885,11.763933906617952,71.01811249393751,8.019440957790234
2024-01-10 19:00:00,34.44904230523011,82.6320324487865,36.852634372376116,79.79437937164201,621.4826262673689,109.25339714166212
2024-01-10 20:00:00,25.615447248817116,53.546706445358126,86.4358249839637,40.48061839391902,88.05737446769409,23.99496510192243
2024-01-10 21:00:00,20.486319328629076,78.99596636829463,47.32099066915572,17.516026063868857,158.54935748635324,58.51888041773354
2024-01-10 22:00:00,32.909445918143355,56.3480945142131,96.81934279147217,33.09834157895607,17.36886014571435,-34.02967736377202
2024-01-10 23:00:00,23.542213588140978,52.61666576549445,18.552551570312115,37.27167772760343,493.24176511870786,100.94887460668993
2024-01-11 00:00:00,38.80917168705828,57.76078714017639,86.86231679556109,74.47841060101868,126.58547795762853,22.1144396801929
2024-01-11 01:00:00,39.07857154005175,48.08267244984852,77.65968527917417,66.02529425052619,204.12902500174343,54.252606529358005
2024-01-11 02:00:00,38.29728780440897,74.85656281057507,77.0921844644052,69.23744042772059,214.20125287275405,47.104183139304595
2024-01-11 03:00:00,27.403174005108887,60.16322340554875,84.47832281168877,0.9928137985782493,2.689441398702953,-14.50149835503579
2024-01-11 04:00:00,20.30913233057735,43.93276170880904,76.10239909429988,37.45385983617854,145.32665126663792,22.684251539995223
2024-01-11 05:00:00,38.566371251754504,83.97447439647411,62.62203216314154,43.32097364717912,256.44452406326417,35.368387676583055
2024-01-11 06:00:00,28.563682966346285,53.033473282392684,13.124487768238758,1.7273049140751018,26.186530850312334,26.757448942034433
2024-01-11 07:00:00,39.33309638087339,62.613171666839314,3.2526179491251916,23.38318878705308,383.96964983316354,77.22016294007156
2024-01-11 08:00:00,39.272399541785056,84.38832665787282,92.08478478156869,68.42608408099215,73.60706737830262,52.745227190720676
2024-01-11 09:00:00,37.060189109347206,67.45427975483952,61.665031452073805,12.339873515609915,81.9257702420031,15.171937772108203
2024-01-11 10:00:00,25.888977841391714,37.013882442501846,79.65372909761763,48.17791183073325,151.62427421781166,16.15671950535308
2024-01-11 11:00:00,27.701954572038506,86.3899274168085,48.152235151255006,19.368168481551375,171.9464026776504,4.114992683273542
2024-01-11 12:00:00,37.02273343033714,67.66248318428507,11.730818896239448,1.0908697179503946,16.804790891592297,-32.701835346800436
2024-01-11 13:00:00,26.338440103125553,50.09433687942517,12.518579220255043,21.708131183958734,323.57506516983204,33.03229417385662
2024-01-11 14:00:00,23.38985493372185,38.35632435980324,68.55652872289714,87.82863794190484,314.2089419901224,68.18432141825416
2024-01-11 15:00:00,31.136025249167005,77.64151135621776,43.030589489946266,72.13834006946907,542.2347704492062,118.62145455443992
2024-01-11 16:00:00,38.723095483215616,67.20436535571082,20.052472670033673,86.361897988893,797.8641321204926,127.94901238345587
2024-01-11 17:00:00,33.920595933499456,62.007665518579294,49.15945467414369,43.90686395337262,352.57315433442614,88.41539714840754
2024-01-11 18:00:00,31.4012234017873,83.63355498305745,6.420893707513409,9.876257880975315,160.50770450503052,22.440319867337315
2024-01-11 19:00:00,21.943529875415372,77.31583267347185,58.19714019143988,49.31635400763236,316.9996281728391,66.33578587427881
2024-01-11 20:00:00,32.3001445339834,39.100492783965066,26.899340443509768,40.89396011039648,478.56160466518605,127.95673349814571
2024-01-11 21:00:00,39.801077002085265,48.70332406773289,79.75591006371882,75.99213744656544,196.42081692723272,57.22094970275718
2024-01-11 22:00:00,22.801680304730482,44.90934838886794,31.036195892357377,8.827432270582014,105.83114077930679,15.795615197744716
2024-01-11 23:00:00,30.366593047274733,74.63677755436062,45.52201490818012,43.94170233196004,378.03695329911625,57.783546151517506
2024-01-12 00:00:00,37.54746143855911,32.011946084146764,1.1620539908100636,13.504379822458583,230.8060684725175,3.124905667917403
2024-01-12 01:00:00,34.81537235508409,64.193381092279,7.244688779455888,29.220833420105397,452.81012499295184,76.17895861374197
2024-01-12 02:00:00,33.94031481990536,75.74752114444144,39.24935564066848,66.36213696490196,556.5354166934775,107.08447856214161
2024-01-12 03:00:00,34.049681679742186,82.60593820570497,47.99388347171235,42.84163164318899,353.6282058928654,50.982050635549406
2024-01-12 04:00:00,27.189823024395103,50.52490492295445,60.00205481193037,33.82994566311924,222.68050180095707,41.910961018345326
2024-01-12 05:00:00,25.871836885289866,79.27543828032077,29.166257870930323,35.50286507130318,411.3624699357974,83.80953164633485
2024-01-12 06:00:00,36.18722310957027,36.63790421731243,69.49818861265426,41.350209156538796,201.5131934684385,35.805519057526126
2024-01-12 07:00:00,36.20226789358362,80.7871375040711,86.01223971892045,70.65148894533512,131.97742409543656,13.39543320261812
2024-01-12 08:00:00,37.341446371602075,37.649319739918944,77.98509888933498,80.2876220046211,216.99362549799108,46.77181853893277
2024-01-12 09:00:00,38.26481105112943,53.837237433622036,3.9618825348357145,85.98012178535355,958.0184342174206,200.4424998348723
2024-01-12 10:00:00,30.226847977218757,77.83772194677321,48.0506947257829,70.82130476297655,490.66045590768744,76.32410963268057
2024-01-12 11:00:00,30.030325893743992,38.99504564092643,10.493017841817487,28.386620617321146,425.5330076051476,113.32524911595492
2024-01-12 12:00:00,35.9659035793355,43.75508371395849,24.204501586252746,61.93212354778879,668.8125091147981,131.7907391772744
2024-01-12 13:00:00,32.999278615555305,73.33515410358397,98.66625932671465,39.384281164985275,8.462831225956041,2.0695587040881613
2024-01-12 14:00:00,34.03933754515407,73.20219219276447,14.249554290151323,22.920355984144607,333.95614269918093,80.95551700496733
2024-01-12 15:00:00,35.91585338872202,68.46885797311784,49.888815345135605,75.67844214833303,485.5386574327672,101.77205411182348
2024-01-12 16:00:00,37.800106836351326,71.636906668026,61.81557343181191,3.45837140660925,23.034114837415046,23.66955564574791
2024-01-12 17:00:00,26.759903137030715,62.56346660085577,70.2464970544104,81.15857929218812,293.9995770604968,64.54239871613585
2024-01-12 18:00:00,27.51165905279888,45.10794353441717,55.96486834869141,41.53297181622607,291.9753532837984,46.146323163950925
2024-01-12 19:00:00,21.87963879681738,50.741759610235164,0.9770847419183659,57.348132912745236,833.737623865427,173.97759527720746
2024-01-12 20:00:00,31.56560281992348,40.89586300808554,32.64613082439919,59.341852998520444,579.3948075004025,93.00443735366727
2024-01-12 21:00:00,20.71884547593484,84.5070336800177,51.771164338471145,80.56059666358827,475.75798230114947,97.32279057576037
2024-01-12 22:00:00,29.311960362649202,65.00350768596724,8.786649914483336,57.30027139504866,767.5725096626398,152.84990211963876
2024-01-12 23:00:00,30.85289269415153,54.05108500581839,35.06269312091808,55.25402262840556,533.5813791073972,102.55393867602865
2024-01-13 00:00:00,25.730825042565687,57.720348218647956,3.3203108791366565,5.998683650462096,101.0357031776157,17.63639040674453
2024-01-13 01:00:00,31.816665211380215,86.83700037670891,7.857849715502074,46.656721975068365,670.1079539627526,96.38460988259776
2024-01-13 02:00:00,20.610004998780987,39.20108418696481,39.69232762015961,13.51521007353375,140.94113306727428,17.21372845863563
2024-01-13 03:00:00,20.746963774984287,65.17378992100782,13.271575404306034,66.3690391849337,794.5592182157482,160.76874166597193
2024-01-13 04:00:00,36.45201121319317,60.35332073306796,56.75408482615582,46.0999728731407,311.6087805680406,65.51888395355613
2024-01-13 05:00:00,27.20381282822526,66.68725412607887,68.94649691372658,61.220500128751794,272.17743110498753,33.88198340247835
2024-01-13 06:00:00,22.541210253037697,31.08661102925043,80.05866991090829,3.750561054214584,13.044202410429396,27.922997299379894
2024-01-13 07:00:00,30.444865201096086,82.3274345366491,20.01502442448101,7.63128144412229,106.2180789046198,3.920118816633945
2024-01-13 08:00:00,35.39987106197222,85.92709694901674,16.748258225906977,64.4691049256414,751.2245999558985,169.63406400171442
2024-01-13 09:00:00,24.316420549936865,63.907991015352536,10.456784033440025,6.487590239880603,101.17309979862614,28.778507197158927
2024-01-13 10:00:00,32.45780951638,71.79904943261354,63.64302495436367,6.413105498873274,40.609373341808116,-4.802671528514438
2024-01-13 11:00:00,21.70694929987536,85.34996287063774,70.64757264869012,1.0897627711398705,5.582479943761396,36.62271384094252
2024-01-13 12:00:00,21.033634423372153,72.43431805880391,3.1586144825642037,86.0851258469532,966.1541469032076,169.35809274551193
2024-01-13 13:00:00,30.62709263136296,39.15234257485568,93.62122462436898,66.37575235131062,58.44190746425634,30.071464965051298
2024-01-13 14:00:00,30.81270243220213,64.57730161000879,5.1971283651472415,31.792626765185773,499.46553602601585,119.90475356606274
2024-01-13 15:00:00,32.74859802996413,66.40290278297135,54.12963353010704,26.68820231588897,206.01988713695962,27.791573245859027
2024-01-13 16:00:00,34.52182667445323,55.44784027814316,70.90605194509165,31.47329067712646,151.89980433102895,58.22926686749237
2024-01-13 17:00:00,39.517041589250695,74.18665413748337,87.09691237460856,69.71881780630636,121.03132695850682,19.20533509972231
2024-01-13 18:00:00,30.326006966023904,86.06202088614089,71.40869321324278,59.5233549963373,246.4101668802477,55.05590596164668
2024-01-13 19:00:00,26.45912945882492,85.53411077440657,80.17280830697918,16.667601108072112,56.868124509766545,16.580061677377724
2024-01-13 20:00:00,35.90372389537407,57.050362284247925,33.94501925428061,15.669840180067592,178.41031443001162,32.99588805659137
2024-01-13 21:00:00,25.416645025241486,36.79428275044532,81.48251137465122,8.85560847420576,28.50672751183741,21.917510965563125
2024-01-13 22:00:00,28.779428414112722,89.09047193774008,8.011484638467515,59.427244773120435,792.0063848176333,174.27105137457093
2024-01-13 23:00:00,21.56912762684532,80.33388518675605,89.48166560605276,68.79353959995623,98.06064556467692,-15.35851035182823
2024-01-14 00:00:00,20.50701486830915,37.47976087219601,54.75923761537362,23.854178549250364,182.95830118250845,62.67846509406474
2024-01-14 01:00:00,39.2529682935585,85.25051295704233,81.72977699624937,1.885046492782153,6.009867960648717,-32.04786616858374
2024-01-14 02:00:00,36.71960241024412,82.1937817237277,45.23182845183001,7.395450072878461,70.49586322891282,34.75009673261572
2024-01-14 03:00:00,33.919484121873964,61.13028342756432,64.35776951965249,87.10740313605274,355.9681821249201,93.72773916153568
2024-01-14 04:00:00,28.179058888285397,65.47652614469575,52.640266093611324,26.590029972967823,211.98382156504655,20.577435708705348
2024-01-14 05:00:00,23.465886401416917,53.94016223220781,73.15895217553319,69.23008330543203,250.96701738954727,41.97711771881776
2024-01-14 06:00:00,23.12874085342172,33.28569832932188,8.162998203058958,56.21972119688374,763.327023367535,130.5513113037883
2024-01-14 07:00:00,25.004857963291904,50.11183449875406,6.03520839905638,34.37456756876063,530.5258680117328,101.80675299657184
2024-01-14 08:00:00,30.984533294122407,78.17120691588069,24.710323401014644,18.51185359759996,239.04535781452907,41.64838587919099
2024-01-14 09:00:00,34.29191845400125,30.277921380276172,15.954468011318834,10.92477763434658,159.2831549371589,47.44984163281858
2024-01-14 10:00:00,33.203947534354626,50.00995030146865,87.17835665922017,55.351167123497994,105.47751813834401,47.30167855006097
2024-01-14 11:00:00,25.598677938918858,53.8901216154566,21.92139873580443,69.71704025740092,732.371091954698,174.38789460673874
2024-01-14 12:00:00,39.097305613263885,62.24373617627537,97.58652558191314,57.95138281870176,20.45656424277474,-7.1520476830110935
2024-01-14 13:00:00,34.75793833391537,85.19133698476563,33.68957917711069,47.727191992424245,490.6642350909594,93.94840954330132
2024-01-14 14:00:00,31.087081050228015,50.780759661957674,18.211791568869927,3.775610108847264,53.85683709379226,-22.897396425660553
2024-01-14 15:00:00,32.234414924687044,50.81719211377366,78.96985071424791,87.16398998349455,210.04392364819145,25.891383399714517
2024-01-14 16:00:00,28.3920012485558,74.25007488658491,65.87077755008761,71.88427724891172,324.37451976446414,84.171936614842
2024-01-14 17:00:00,24.95461979002315,57.133076453388426,49.8195716453139,26.353983303086828,222.7587753775367,76.86341154647198
2024-01-14 18:00:00,27.119453573025233,43.47628937639892,55.53635509376312,88.19732964229655,444.4163964088623,64.19630184417402
2024-01-14 19:00:00,35.15692220928738,57.1463709679616,71.92017782722638,54.16934306726899,227.65735843753077,33.68218650444827
2024-01-14 20:00:00,20.287869772595116,38.45142122278799,22.845474133129873,52.418039238652185,611.4355018383096,121.7589852284834
2024-01-14 21:00:00,22.321452810138325,40.5832191903734,99.63339160567419,67.3265861486579,3.3827581855402693,6.2797748135001905
2024-01-14 22:00:00,20.920052840435055,59.902066364368785,97.4793162146783,73.05928092811239,24.11303112732992,-11.369464172966937
2024-01-14 23:00:00,20.814576046379404,55.13552697027288,65.03256863469369,59.08307465983524,299.9901977416694,68.47926043761568
2024-01-15 00:00:00,37.10921168022014,84.890754064086,19.954245092914512,11.528617172958002,159.97732177109972,22.518677412801626
2024-01-15 01:00:00,34.07315718760047,51.74363394699799,68.02282424312914,30.444075539504855,162.02742683517792,32.116439949470006
2024-01-15 02:00:00,29.483476581746505,64.8353010166826,7.219840897917584,83.52752762934448,921.8879035819458,195.30326567646316
2024-01-15 03:00:00,21.95668321302003,67.93585727517183,3.0652502205806065,20.215405065946673,334.9585302851493,67.12015145324862
2024-01-15 04:00:00,29.832317502336647,30.785667395300017,25.76828885112137,33.4950321453762,409.65859579681234,73.2040013488311
2024-01-15 05:00:00,29.469435415611315,69.81224232100263,46.26229567393163,38.88691946497764,337.3574457272774,65.27929306693888
2024-01-15 06:00:00,23.464037398200304,40.682158012185084,86.82725054083805,39.5464490725007,83.87136461713322,15.007013739319941
2024-01-15 07:00:00,28.67703298475946,87.66421904816731,72.7169069766308,55.164562424507295,223.93855378184548,37.38749015872655
2024-01-15 08:00:00,27.97009468794747,38.91976366518678,74.2706521199981,84.87682539702368,256.2655987062538,46.07719848790872
2024-01-15 09:00:00,32.317001961044326,54.87744742362142,42.54933344480754,21.662344064925446,212.07111140151648,74.38716569039764
2024-01-15 10:00:00,32.701873017352874,35.12098008471863,34.59349925469629,10.935123867082625,124.07441482905904,36.03327192463658
2024-01-15 11:00:00,20.90608019544089,89.81245511075684,37.10387629846027,17.77234408739436,191.98141662520015,32.48667696445683
2024-01-15 12:00:00,27.492252292529425,60.13170061987455,98.76495637360578,79.82324101883425,12.156131275230008,16.370314345260716
2024-01-15 13:00:00,32.51719831428473,65.72310103920262,4.010919141248248,58.12297313896854,815.1234368233407,156.34829756954795
2024-01-15 14:00:00,30.062725171601755,34.02458864330565,86.70314961224486,25.731611031524412,57.729094737783086,35.00831169928944
2024-01-15 15:00:00,37.12979682376644,74.99762822395067,57.86754085723934,73.43522450717555,403.8387908240629,88.16060200877448
2024-01-15 16:00:00,33.1738726323789,42.594335585735145,43.86154191895905,77.52329967270924,548.1268904732027,107.47933521455597
2024-01-15 17:00:00,23.258688541628594,83.88325736644282,72.52576604151365,76.18629048212502,266.7960154507529,62.31354160635614
2024-01-15 18:00:00,21.411374948008596,42.308378428920435,48.666894142470284,82.7033880275599,509.17408029115416,70.41729301686085
2024-01-15 19:00:00,32.84838556412631,41.441263239819996,87.34232380816606,22.701691815602544,48.850185232143694,-12.765312331767365
2024-01-15 20:00:00,20.530226210832435,32.192980070885696,90.07018640112585,67.95377358716505,92.03758726646322,-5.470982674688464
2024-01-15 21:00:00,31.715511625469265,58.324016706599956,42.17209268734554,41.4485547546726,382.7902723532135,79.41691636591683
2024-01-15 22:00:00,38.80460482849915,63.890467995756985,27.682779723505156,75.77986976010554,701.0135585244319,174.85301169458822
2024-01-15 23:00:00,31.50948355751758,33.94251836570114,59.23503285933622,65.5641609445452,371.1344854817962,118.8529000202119
2024-01-16 00:00:00,27.763398524130437,76.53165700170064,91.2363345616691,69.88027018497522,82.288702665014,29.218762561817947
2024-01-16 01:00:00,32.86576436884707,57.197330084881656,21.066218900566657,59.054565391296435,676.9814196191426,145.41317342271765
2024-01-16 02:00:00,29.165057809830333,61.4634161596548,62.296658356348274,15.968589252273619,103.72578784488455,-15.275997114077871
2024-01-16 03:00:00,30.9123357863187,56.44576481629369,63.156022009252055,49.05242270072445,278.28607501273785,44.80373900786714
2024-01-16 04:00:00,38.8292961755305,54.04578365251956,73.3113022415281,88.62027655720574,266.8095999904331,37.60624495992185
2024-01-16 05:00:00,27.722052756015486,63.57841987849307,13.15676851272598,84.36492598474071,864.235596129538,160.43016726088527
2024-01-16 06:00:00,39.22381127647829,39.31441475584275,71.58249646820886,3.8856362217310503,19.257170671286637,0.4885577625615354
2024-01-16 07:00:00,38.107012839121275,40.91568782971627,90.9032520665641,14.833333415649342,23.288419834272265,-4.7841275870880935
2024-01-16 08:00:00,23.915822695785927,81.70713726081104,17.968310887024195,11.855589610910572,168.5305564810609,-5.879884911303577
2024-01-16 09:00:00,21.38722601750331,86.76692772801796,23.754332492387764,65.3381918986766,692.9103447004074,153.54027406243216
2024-01-16 10:00:00,22.01556002754853,52.398558976785175,97.13950940416396,73.60067968712505,27.441181832287047,-15.96662414833872
2024-01-16 11:00:00,20.364436513030995,46.244680388613226,18.097695270948975,19.216022967960473,269.56565514262087,58.69806831074717
2024-01-16 12:00:00,21.88885921511857,68.63997259434095,85.4385093369579,45.52674236566461,103.90752328955332,62.263158052910136
2024-01-16 13:00:00,33.66013546832714,54.52405026588578,49.227785644803475,75.663272521008,491.91025547319936,79.99435926291142
2024-01-16 14:00:00,21.42377296920458,31.52318133962069,24.723107440317705,65.95213902896255,687.4326320098705,86.88077594704752
2024-01-16 15:00:00,26.379512605875227,39.36915584197142,87.07499012725114,48.80134849426634,97.25170495665381,13.730256553728545
2024-01-16 16:00:00,36.897506219389086,72.95833373084386,44.53052550026655,53.13129214128956,443.7627070779481,110.77173411556106
2024-01-16 17:00:00,20.465438714716516,69.53543651460907,51.48173539296902,45.752449222465195,347.5517442229472,108.67729792900133
2024-01-16 18:00:00,36.28936965177871,31.62575955020901,35.92333693997657,26.77936061869385,288.7012369285874,33.14925549666914
2024-01-16 19:00:00,25.637095495468,43.318329715976965,59.29508514349274,50.85197935731145,315.6737598958116,73.06873644389276
2024-01-16 20:00:00,22.363296552433127,43.86448779528428,16.352387258502276,61.99967718450816,738.5623706157287,138.40626498754466
2024-01-16 21:00:00,33.934743307283014,70.3135646159237,39.10815366517607,78.59906242747269,596.9032477428176,117.2616824624808
2024-01-16 22:00:00,32.57885693559768,31.182632265261848,96.94123223352875,57.266221858132326,25.73011411076598,58.032889762493895
2024-01-16 23:00:00,37.549440270541055,36.24651491907443,25.813343270112753,68.50093833388422,690.2501400496404,107.99062144202503
2024-01-17 00:00:00,34.70142087607772,77.99496512239136,65.67366645412922,14.406447145911569,85.40353147384721,22.15549952466091
2024-01-17 01:00:00,36.06961860769697,40.71267972326002,32.51900642246949,41.54017269778109,447.4968432888501,98.85323209307869
2024-01-17 02:00:00,25.64069145142613,69.16476647111247,77.34731256866006,0.8398457844383966,3.320328816596391,22.37979226210622
2024-01-17 03:00:00,23.548790875594456,44.29096686280359,13.087366071834982,22.201097806946073,328.40679812027565,67.64102269347305
2024-01-17 04:00:00,35.012295032817164,35.96648356556071,96.98210450785447,65.38155436017044,27.43574965558789,11.648160721199625
2024-01-17 05:00:00,36.136694785345284,44.590331459967246,45.37895413836392,89.26289562144271,546.1652587924119,101.40008041004657
2024-01-17 06:00:00,39.81010284001347,73.33601591133956,23.605046334646396,8.926028962849431,118.53379260383466,29.08929734566908
2024-01-17 07:00:00,28.25235353822853,81.34178808637714,7.349674733001265,36.13448842751594,546.3428555387595,102.4047255978037
2024-01-17 08:00:00,27.440361715855666,79.8131918740195,16.975790508754073,72.00638718292436,789.635750076464,170.35858781241382
2024-01-17 09:00:00,35.528259214839935,53.83101177710729,51.977394855601766,18.363207116600897,151.29024456292447,22.86584219171222
2024-01-17 10:00:00,26.816070805060356,70.08510819423877,33.70031764312863,49.95764543720576,507.5698604224723,109.0559799625382
2024-01-17 11:00:00,38.61514651207129,42.29905772494926,82.88833658826094,65.97641664267073,156.29416296497254,30.67357631929494
2024-01-17 12:00:00,37.16825503686024,47.588863815660794,43.08875236618059,55.43869052341611,468.67529745867245,116.25606450717785
2024-01-17 13:00:00,28.579880547500366,83.78014911126718,24.871427258762992,16.922226115387453,218.67924430673094,42.707974389576464
2024-01-17 14:00:00,35.017421355829946,30.78011541064416,61.714498660403,31.98461118171655,202.7950354782786,5.098357731518092
2024-01-17 15:00:00,35.09085748169365,35.13051185126808,70.67772168854458,70.54126060368574,276.47437631544517,80.53330527736887
2024-01-17 16:00:00,22.062477376718654,42.47317530876164,16.704190790094987,49.8803862718815,636.963766906428,109.27810736403322
2024-01-17 17:00:00,38.05105813359133,31.591932232429183,16.761921628831765,0.4706652188621463,6.8376463486570955,-11.707797503244977
2024-01-17 18:00:00,30.105047448957144,40.88612610538784,3.667142693354297,68.48916840252845,896.2310669478887,167.3329875087079
2024-01-17 19:00:00,36.52914932215484,64.98249365818154,73.64020150656405,3.1780219446215163,14.613479411096824,30.411457745635712
2024-01-17 20:00:00,26.400992020612236,55.28547303554988,66.38045276218051,67.1160404458109,309.73497509691833,19.23351073980976
2024-01-17 21:00:00,37.91046456992401,83.56030266461849,47.46308757498139,18.223250414871366,164.2936363374619,95.61369794069225
2024-01-17 22:00:00,27.784033574683264,79.04661370430645,84.41704489691972,86.22661321074422,155.49173501842913,52.219483185006865
2024-01-17 23:00:00,20.216753029605968,50.509041101872555,80.56701529500532,33.11466761718761,106.16558198889729,25.69789468036265
2024-01-18 00:00:00,38.10763952838528,45.56540600587755,58.535436439675216,29.423845470427118,203.70142496298809,39.6424049802719
2024-01-18 01:00:00,21.82573353572267,52.78154449003601,86.82712805132586,13.399924529920021,30.527685781490288,11.816618653451197
2024-01-18 02:00:00,26.3862727518083,65.41769655088846,20.584121003676824,27.50437939411934,366.7555616867905,83.77356090494487
2024-01-18 03:00:00,39.0012393410161,46.08381844937257,11.191961939772789,78.89856856453805,871.462490735756,187.19680986615234
2024-01-18 04:00:00,39.012142938751126,67.44893447094805,26.974961151698963,89.67009038645226,730.2382829120337,157.15974590247572
2024-01-18 05:00:00,31.46875776246572,54.56469913147443,5.708685608931486,33.14785774561635,515.5863178075019,104.90887718660537
2024-01-18 06:00:00,32.63674424339598,63.12283085111881,53.1169528001032,40.37495678590883,303.7022760659245,56.79368680703838
2024-01-18 07:00:00,28.968910439566393,56.167591748119,93.66056922949615,64.98638443824633,57.44838644764473,8.464211616458712
2024-01-18 08:00:00,25.86421543396129,47.66794557251506,3.9343540668509647,79.75762024185671,945.3477791573096,185.1713902244083
2024-01-18 09:00:00,26.57329090739832,86.9071984177294,12.21099140100268,53.37399007681057,704.5478186457034,163.58496566648196
2024-01-18 10:00:00,33.45036912154077,75.81634764958565,45.21990282834353,35.23731283600464,316.06162865922363,75.08346017746197
2024-01-18 11:00:00,35.047490588753604,38.40679054598715,93.38750175279048,37.13596567637614,39.92021582116658,-50.82372952905229
2024-01-18 12:00:00,35.83158087451697,82.10807855387478,31.61561049767505,62.605633184712616,607.1580691272792,134.54962935605107
2024-01-18 13:00:00,35.79236285589108,59.24587189497082,50.723480868839246,0.28964372438508135,2.491034044170464,4.39293070320959
2024-01-18 14:00:00,21.824122060973806,83.67313361364549,4.15728590503921,55.763040371385664,792.3487972316888,158.09558431741982
2024-01-18 15:00:00,29.88840609405163,77.99131535683891,14.834320096208886,31.994370939722167,451.2383846372375,82.4773078656698
2024-01-18 16:00:00,21.151175200332887,55.512810268154006,98.66301229588468,71.47775981493758,12.677322990705104,25.01771899786129
2024-01-18 17:00:00,30.990577646474712,31.348158499207045,96.51186964360456,8.369157584081893,5.076990492017129,19.965927340860585
2024-01-18 18:00:00,28.83061002746754,46.12064156309677,0.49399809344096157,52.93820402535515,794.0439267115248,143.3512319858328
2024-01-18 19:00:00,37.754083655166,62.498052879652015,95.18117854232389,43.28756008975114,33.040746850544224,14.749195112599548
2024-01-18 20:00:00,27.018300251041573,68.00869318956885,63.91199378155004,57.80929733147047,305.405443446965,41.64795399856729
2024-01-18 21:00:00,22.341340328552118,45.47326112599214,86.79182945200222,5.836823503467151,13.432138526980525,-24.905935590382505
2024-01-18 22:00:00,22.859833641056717,38.36136444436945,45.47398556338591,52.198540868531815,430.83152518419865,73.63196054504043
2024-01-18 23:00:00,35.23021263434944,80.09581420795794,51.55960285792502,50.533612916357136,373.958708078939,92.03961106344299
2024-01-19 00:00:00,32.36436126632522,89.06413084221313,48.88465802569202,50.459408497455385,394.18810298056957,97.90012150363566
2024-01-19 01:00:00,22.022453522455805,61.54141093816115,66.68642575461044,54.31388999368093,270.5811679743227,64.37794199681039
2024-01-19 02:00:00,21.682136122299948,40.30075715089821,13.96512547563129,60.8821143503726,751.6181842644652,164.82555258985298
2024-01-19 03:00:00,34.0193826291824,46.338439591162135,2.9973589872677953,72.44900997126928,924.870673677311,195.29770047776137
2024-01-19 04:00:00,21.45526012728387,31.103440592848003,30.79299415911909,24.283864811539292,284.61912664757955,44.09419342505687
2024-01-19 05:00:00,36.437201185807126,84.85792839362995,70.46807627366466,74.25444691620558,284.23776708114735,65.48600430970829
2024-01-19 06:00:00,34.124844543129925,37.06506497340847,20.185345212294838,44.843011403710825,562.8263508885871,128.57346068227108
2024-01-19 07:00:00,21.626975612837995,64.59098853085521,67.34324333249174,6.935245122089805,39.43221863469056,22.972270323209596
2024-01-19 08:00:00,21.69675428170384,46.44331324123236,96.99120461072704,5.2695836319581275,2.763337208449635,24.330934871182784
2024-01-19 09:00:00,39.73279157002351,63.2506801509476,9.39007157894184,30.081448682645473,454.1646795416809,104.99901285235747
2024-01-19 10:00:00,27.485415915122406,69.08522330111185,67.26021182251263,70.64072794003208,308.8863248977707,68.8062291303858
2024-01-19 11:00:00,27.412842941337818,79.7845082224321,44.375021930457116,63.69128412668242,498.6328831289515,121.12958139211885
2024-01-19 12:00:00,36.25599134515005,42.3852763056362,86.81422543775054,70.97534682051658,124.65546496489392,24.400667807997586
2024-01-19 13:00:00,38.94497154767717,30.659749719508827,17.71497894473859,46.55421507974484,597.4101442583594,101.84453582711753
2024-01-19 14:00:00,39.720021276457416,38.213137804128436,69.26259522261645,39.61790981599415,196.00161367549836,35.9389834562244
2024-01-19 15:00:00,35.067563705178834,84.0011185108863,83.81152896481102,13.270727403565555,37.16104110571608,-7.465844674985764
2024-01-19 16:00:00,27.525191710618316,82.43340465375091,94.46142194740233,29.53734782483804,27.30467971240238,-8.042629557007157
2024-01-19 17:00:00,21.670014333973377,65.8447861302185,68.32480282896458,39.061742955648775,199.60362803405647,37.03035219250094
2024-01-19 18:00:00,35.542938318548735,66.0310116260192,49.71747640084273,7.974038671165551,69.75412195936646,-1.8975740281259341
2024-01-19 19:00:00,31.1680849947161,69.90220047277532,61.78472402012139,19.855075744009014,129.79519954041828,19.799809315302852
2024-01-19 20:00:00,28.484440184939526,40.522276717406974,86.89049844787182,53.840276465736494,105.8428752671729,-16.70371828564113
2024-01-19 21:00:00,38.12708770189472,84.8647167554976,57.060974663882966,66.20968028152708,392.90403385700444,82.84668091885966
2024-01-19 22:00:00,22.223949646123028,55.12623149352439,3.038705969683686,89.85127602536546,969.6096737865946,193.9460442645634
2024-01-19 23:00:00,29.852502085817182,52.98831169496985,93.09486955069778,83.98019982092019,68.67053579706274,-2.607665461951264
2024-01-20 00:00:00,20.227072895348382,61.13506231697025,68.95267510315611,57.83086795816724,262.8094358607413,65.74680054079636
2024-01-20 01:00:00,29.373212839882527,32.817958006503304,67.65133857772466,37.91232479646648,198.76794308805535,58.504991370142235
2024-01-20 02:00:00,21.126065513636746,39.97700212536476,21.567515239771716,57.255962823740944,659.6919493552292,99.78719258366635
2024-01-20 03:00:00,22.376358325361437,74.28201698558223,65.88854702326572,70.70864562722087,321.9612264842497,49.137749725525666
2024-01-20 04:00:00,22.350524935542097,34.967920075507585,39.386440565415846,10.65025718310486,112.02201929275648,7.021556862805333
2024-01-20 05:00:00,32.984206042321276,66.1891265679833,65.12329770414921,36.891440072665944,209.3651042731046,23.07495883244363
2024-01-20 06:00:00,34.92089758530847,44.72094658087926,10.659303030799073,75.58220570720555,865.2699025305503,189.64347734474504
2024-01-20 07:00:00,31.667375301943192,53.35773684251859,65.7845304603036,34.54496567397396,194.01979033796178,34.927435292136295
2024-01-20 08:00:00,39.24345096949084,47.32162420624199,99.94137257706666,51.46850441044679,0.45862230321336184,-5.198572365569542
2024-01-20 09:00:00,27.49741159047408,51.34036298789695,4.821203886055603,52.89924247759784,759.1231907173085,111.74739085532663
2024-01-20 10:00:00,25.714241725637216,73.14275431105473,97.71741842213173,16.602862782027543,6.52216299486867,14.01279320315826
2024-01-20 11:00:00,37.3719825637892,47.8273029373905,40.690796072287064,32.601189748705956,319.55103879969,39.125039862868555
2024-01-20 12:00:00,24.47191677038905,63.98427841781383,87.07534503372591,30.106015986773894,64.83027277537924,14.164707160402415
2024-01-20 13:00:00,39.264450788812226,58.56302413194598,78.23854840582734,2.3577037678858312,8.952243672545151,7.3379874936728635
2024-01-20 14:00:00,20.243089493796326,69.8202699217589,56.70162609866678,2.177258750221972,16.449567039032058,30.503085324579434
2024-01-20 15:00:00,39.397576534152776,86.20978435948548,73.84492092513266,74.85273393081961,252.46383613362266,24.316359244342298
2024-01-20 16:00:00,20.863198239011524,73.95432583261501,87.8515561301348,24.576372897553117,50.526084428277805,-50.28502623076095
2024-01-20 17:00:00,37.82286227396142,42.896422715445404,40.4140321651033,46.62708896149339,433.13006587576774,90.30300407022746
2024-01-20 18:00:00,30.554022181725998,31.87098810367708,32.70331615632387,26.885301622989573,304.31958634109697,96.87414089843647
2024-01-20 19:00:00,39.85929592238601,45.73584265798951,66.75933855635847,84.66113206038065,330.96457049397725,90.97184115758421
2024-01-20 20:00:00,21.475931294707976,65.70467584201529,80.78459419412586,23.336708297919635,76.11872723039518,19.416933751571552
2024-01-20 21:00:00,31.077085688026415,33.08554880905502,76.22851347766158,38.66911314650416,148.52944262174657,19.87316481170837
2024-01-20 22:00:00,39.38605071238198,59.781974832074184,79.78136488586345,78.54572254361416,198.1595046526894,55.774352863284086
2024-01-20 23:00:00,30.461956883402976,65.81057093501335,43.5583314812933,75.77402101126278,547.1082962377934,89.95073525346932
2024-01-21 00:00:00,32.58797276270525,50.05463344901765,81.78342161750216,16.749127606164958,52.49684307497153,20.02652400211869
2024-01-21 01:00:00,33.914973779692346,76.25473222474932,12.020905537060845,72.23789788161393,837.8525282890635,177.67990884114525
2024-01-21 02:00:00,29.090821295355465,36.39589518802631,54.448909796084955,41.23681980641034,300.2604177268657,81.25628169535074
2024-01-21 03:00:00,32.55116160168127,34.50826690414853,0.575866049812157,43.46719848768197,683.97758191519,191.98871716125956
2024-01-21 04:00:00,31.686286238462003,73.6913253722162,32.45858299002703,12.013197517434941,140.57867368362344,35.96405408030003
2024-01-21 05:00:00,38.02316020981978,59.72947897237191,36.646153487139784,7.254136238141219,79.99727109805293,5.820181705460612
2024-01-21 06:00:00,20.908927606829156,71.30414378566417,39.61726916092554,65.51453762763887,549.5229818922227,109.39311013460465
2024-01-21 07:00:00,25.619263791844606,56.089640316224774,69.54672066898621,44.68150371197698,214.13686406053287,7.445854714324213
2024-01-21 08:00:00,39.008229681531176,44.78412199434641,38.85581012703457,39.31656323536616,387.4123692192817,63.588211222075174
2024-01-21 09:00:00,37.80527567781833,79.14613906045199,44.86936226225306,65.65574057871571,502.287037632615,92.27175876426094
2024-01-21 10:00:00,29.11313505571426,77.96495273813875,23.754413087432745,68.89616090919988,711.3175050693418,131.78173305517652
2024-01-21 11:00:00,32.40265195603074,71.6817882512656,37.325179162934006,14.30173509024182,154.82458038539068,34.01201351775258
2024-01-21 12:00:00,25.54762365962265,46.32870823379776,22.726962726315147,54.92026345298772,632.3662379582581,110.02484894400762
2024-01-21 13:00:00,23.762423194475225,65.41384001214523,7.319592376844364,12.181867404991698,195.56998816418977,61.53461097932738
2024-01-21 14:00:00,29.273968098799642,51.65843381640161,60.34485933813779,67.62375774261412,366.6926581356696,73.34267292549787
2024-01-21 15:00:00,27.067044560521055,35.49492439959805,66.82127985550163,59.125964064042556,284.77213653008545,56.76842088324481
2024-01-21 16:00:00,31.67312223701744,85.03881452773456,61.94903460096145,86.09531589751121,379.6263826560195,69.36738220094554
2024-01-21 17:00:00,21.554692739299696,38.209117855137684,46.34940438005724,6.206221472077907,58.0002131069499,14.703856298569564
2024-01-21 18:00:00,39.487896153323334,87.01424122924814,37.978578017922985,5.134924903612888,55.51005442418242,27.60397617818918
2024-01-21 19:00:00,39.72421488959206,56.76034637747735,86.33336495718252,25.396836722388013,58.61418323126793,-5.619767667964421
